1,100,USD,оплата заказа
2,123,EUR,оплата заказа
1,100,USD,оплата заказа
2,123,EUR,оплата заказа
1,100,USD,оплата заказа
2,123,EUR,оплата заказа
1,100,USD,оплата заказа
2,123,EUR,оплата заказа
1,100,USD,оплата заказа
2,123,EUR,оплата заказа
1,100,USD,оплата заказа
2,123,EUR,оплата заказа
1,100,USD,оплата заказа
2,123,EUR,оплата заказа
1,100,USD,оплата заказа
2,123,EUR,оплата заказа
1,100,USD,оплата заказа
2,123,EUR,оплата заказа
1,100,USD,оплата заказа
2,123,EUR,оплата заказа
1,100,USD,оплата заказа
2,123,EUR,оплата заказа
1,100,USD,оплата заказа
2,123,EUR,оплата заказа
1,100,USD,оплата заказа
2,123,EUR,оплата заказа
1,100,USD,оплата заказа
2,123,EUR,оплата заказа
1,100,USD,оплата заказа
2,123,EUR,оплата заказа
1,100,USD,оплата заказа
2,123,EUR,оплата заказа
1,100,USD,оплата заказа
2,123,EUR,оплата заказа
1,100,USD,оплата заказа
2,123,EUR,оплата заказа
1,100,USD,оплата заказа
2,123,EUR,оплата заказа
1,100,USD,оплата заказа
2,123,EUR,оплата заказа
1,100,USD,оплата заказа
2,123,EUR,оплата заказа
1,100,USD,оплата заказа
2,123,EUR,оплата заказа
1,100,USD,оплата заказа
2,123,EUR,оплата заказа
1,100,USD,оплата заказа
2,123,EUR,оплата заказа
1,100,USD,оплата заказа
2,123,EUR,оплата заказа
1,100,USD,оплата заказа
2,123,EUR,оплата заказа
1,100,USD,оплата заказа
2,123,EUR,оплата заказа
1,100,USD,оплата заказа
2,123,EUR,оплата заказа
1,100,USD,оплата заказа
2,123,EUR,оплата заказа
1,100,USD,оплата заказа
2,123,EUR,оплата заказа
1,100,USD,оплата заказа
2,123,EUR,оплата заказа
1,100,USD,оплата заказа
2,123,EUR,оплата заказа
1,100,USD,оплата заказа
2,123,EUR,оплата заказа
1,100,USD,оплата заказа
2,123,EUR,оплата заказа
1,100,USD,оплата заказа
2,123,EUR,оплата заказа
1,100,USD,оплата заказа
2,123,EUR,оплата заказа
1,100,USD,оплата заказа
2,123,EUR,оплата заказа
1,100,USD,оплата заказа
2,123,EUR,оплата заказа
1,100,USD,оплата заказа
2,123,EUR,оплата заказа
1,100,USD,оплата заказа
2,123,EUR,оплата заказа
1,100,USD,оплата заказа
2,123,EUR,оплата заказа
1,100,USD,оплата заказа
2,123,EUR,оплата заказа
1,100,USD,оплата заказа
2,123,EUR,оплата заказа
1,100,USD,оплата заказа
2,123,EUR,оплата заказа
1,100,USD,оплата заказа
2,123,EUR,оплата заказа
1,100,USD,оплата заказа
2,123,EUR,оплата заказа
1,100,USD,оплата заказа
2,123,EUR,оплата заказа
1,100,USD,оплата заказа
2,123,EUR,оплата заказа
1,100,USD,оплата заказа
2,123,EUR,оплата заказа
1,100,USD,оплата заказа
2,123,EUR,оплата заказа
1,100,USD,оплата заказа
2,123,EUR,оплата заказа
1,100,USD,оплата заказа
2,123,EUR,оплата заказа
1,100,USD,оплата заказа
2,123,EUR,оплата заказа
1,100,USD,оплата заказа
2,123,EUR,оплата заказа
1,100,USD,оплата заказа
2,123,EUR,оплата заказа
1,100,USD,оплата заказа
2,123,EUR,оплата заказа
1,100,USD,оплата заказа
2,123,EUR,оплата заказа
1,100,USD,оплата заказа
2,123,EUR,оплата заказа
1,100,USD,оплата заказа
2,123,EUR,оплата заказа
1,100,USD,оплата заказа
2,123,EUR,оплата заказа
1,100,USD,оплата заказа
2,123,EUR,оплата заказа
1,100,USD,оплата заказа
2,123,EUR,оплата заказа
1,100,USD,оплата заказа
2,123,EUR,оплата заказа
1,100,USD,оплата заказа
2,123,EUR,оплата заказа
1,100,USD,оплата заказа
2,123,EUR,оплата заказа
1,100,USD,оплата заказа
2,123,EUR,оплата заказа
1,100,USD,оплата заказа
2,123,EUR,оплата заказа
1,100,USD,оплата заказа
2,123,EUR,оплата заказа
1,100,USD,оплата заказа
2,123,EUR,оплата заказа
1,100,USD,оплата заказа
2,123,EUR,оплата заказа
1,100,USD,оплата заказа
2,123,EUR,оплата заказа
1,100,USD,оплата заказа
2,123,EUR,оплата заказа
1,100,USD,оплата заказа
2,123,EUR,оплата заказа
1,100,USD,оплата заказа
2,123,EUR,оплата заказа
1,100,USD,оплата заказа
2,123,EUR,оплата заказа
1,100,USD,оплата заказа
2,123,EUR,оплата заказа
1,100,USD,оплата заказа
2,123,EUR,оплата заказа
1,100,USD,оплата заказа
2,123,EUR,оплата заказа
1,100,USD,оплата заказа
2,123,EUR,оплата заказа
1,100,USD,оплата заказа
2,123,EUR,оплата заказа
1,100,USD,оплата заказа
2,123,EUR,оплата заказа
1,100,USD,оплата заказа
2,123,EUR,оплата заказа
1,100,USD,оплата заказа
2,123,EUR,оплата заказа
1,100,USD,оплата заказа
2,123,EUR,оплата заказа
1,100,USD,оплата заказа
2,123,EUR,оплата заказа
1,100,USD,оплата заказа
2,123,EUR,оплата заказа
1,100,USD,оплата заказа
2,123,EUR,оплата заказа
1,100,USD,оплата заказа
2,123,EUR,оплата заказа
1,100,USD,оплата заказа
2,123,EUR,оплата заказа
1,100,USD,оплата заказа
2,123,EUR,оплата заказа
1,100,USD,оплата заказа
2,123,EUR,оплата заказа
1,100,USD,оплата заказа
2,123,EUR,оплата заказа
1,100,USD,оплата заказа
2,123,EUR,оплата заказа
1,100,USD,оплата заказа
2,123,EUR,оплата заказа
1,100,USD,оплата заказа
2,123,EUR,оплата заказа
1,100,USD,оплата заказа
2,123,EUR,оплата заказа
1,100,USD,оплата заказа
2,123,EUR,оплата заказа
1,100,USD,оплата заказа
2,123,EUR,оплата заказа
1,100,USD,оплата заказа
2,123,EUR,оплата заказа
1,100,USD,оплата заказа
2,123,EUR,оплата заказа
1,100,USD,оплата заказа
2,123,EUR,оплата заказа
1,100,USD,оплата заказа
2,123,EUR,оплата заказа
1,100,USD,оплата заказа
2,123,EUR,оплата заказа
1,100,USD,оплата заказа
2,123,EUR,оплата заказа
1,100,USD,оплата заказа
2,123,EUR,оплата заказа
1,100,USD,оплата заказа
2,123,EUR,оплата заказа
1,100,USD,оплата заказа
2,123,EUR,оплата заказа
1,100,USD,оплата заказа
2,123,EUR,оплата заказа
1,100,USD,оплата заказа
2,123,EUR,оплата заказа
1,100,USD,оплата заказа
2,123,EUR,оплата заказа
1,100,USD,оплата заказа
2,123,EUR,оплата заказа
1,100,USD,оплата заказа
2,123,EUR,оплата заказа
1,100,USD,оплата заказа
2,123,EUR,оплата заказа
1,100,USD,оплата заказа
2,123,EUR,оплата заказа
1,100,USD,оплата заказа
2,123,EUR,оплата заказа
1,100,USD,оплата заказа
2,123,EUR,оплата заказа
1,100,USD,оплата заказа
2,123,EUR,оплата заказа
1,100,USD,оплата заказа
2,123,EUR,оплата заказа
1,100,USD,оплата заказа
2,123,EUR,оплата заказа
1,100,USD,оплата заказа
2,123,EUR,оплата заказа
1,100,USD,оплата заказа
2,123,EUR,оплата заказа
1,100,USD,оплата заказа
2,123,EUR,оплата заказа
1,100,USD,оплата заказа
2,123,EUR,оплата заказа
1,100,USD,оплата заказа
2,123,EUR,оплата заказа
1,100,USD,оплата заказа
2,123,EUR,оплата заказа
1,100,USD,оплата заказа
2,123,EUR,оплата заказа
1,100,USD,оплата заказа
2,123,EUR,оплата заказа
1,100,USD,оплата заказа
2,123,EUR,оплата заказа
1,100,USD,оплата заказа
2,123,EUR,оплата заказа
1,100,USD,оплата заказа
2,123,EUR,оплата заказа
1,100,USD,оплата заказа
2,123,EUR,оплата заказа
1,100,USD,оплата заказа
2,123,EUR,оплата заказа
1,100,USD,оплата заказа
2,123,EUR,оплата заказа
1,100,USD,оплата заказа
2,123,EUR,оплата заказа
1,100,USD,оплата заказа
2,123,EUR,оплата заказа
1,100,USD,оплата заказа
2,123,EUR,оплата заказа
1,100,USD,оплата заказа
2,123,EUR,оплата заказа
1,100,USD,оплата заказа
2,123,EUR,оплата заказа
1,100,USD,оплата заказа
2,123,RUR,оплата заказа
1,100,USD,оплата заказа
2,123,EUR,оплата заказа
1,100,USD,оплата заказа
2,123,EUR,оплата заказа
1,100,USD,оплата заказа
2,123,EUR,оплата заказа
1,100,USD,оплата заказа
2,123,EUR,оплата заказа
1,100,USD,оплата заказа
100,asdasd,EUR,оплата заказа
